<?xml version="1.0" encoding="UTF-8" ?>
<!DOCTYPE mapper
        PUBLIC "-//mybatis.org//DTD Mapper 3.0//EN"
        "http://mybatis.org/dtd/mybatis-3-mapper.dtd">
<!--与napper接口全类名保持一致-->
<mapper namespace="com.example.liekai.mapper.UserMapper">
    <!--条件查询 id与方法名一致--><!--单数据封装类型-->
    <select id="selectLists" resultType="com.example.liekai.pojo.User">
        select *
        from users
        <where>
            <if test="name != null and name != ''">
                name like concat('%', #{name}, '%')
            </if>
            <if test="phone != null">
                and phone = #{phone}
            </if>
            <if test="status != null">
                and status =#{status}
            </if>
        </where>
        order by phone desc
    </select>
</mapper>
